Zeitung;RP;Tagesspiegel;Welt;Spiegel;Zeit
Artikel;Sprachwissenschaftler laufen Sturm gegen Gendern bei ARD und ZDF;Gendern macht die Diskriminierung nur noch schlimmer;Gendern – das erinnert mich inzwischen an einen Fleischwolf;Gendern polarisiert auch in der jungen Generation;Die Sprache als Fahne
Link;https://rp-online.de/kultur/stilfrage/gendern-sprachwissenschaftler-laufen-sturm-gegen-ard-und-zdf_aid-73928221;https://www.tagesspiegel.de/kultur/deutschland-ist-besessen-von-genitalien-gendern-macht-die-diskriminierung-nur-noch-schlimmer/26140402.html;https://www.welt.de/debatte/kommentare/article227000843/Sprache-Gendern-das-erinnert-mich-inzwischen-an-einen-Fleischwolf.html;https://www.spiegel.de/kultur/gendern-als-stolperfalle-gendern-polarisiert-auch-in-der-jungen-generation-a-2608c97f-9aeb-4859-b173-0d1a7a91e3d4;https://www.zeit.de/gesellschaft/2021-06/gendern-sprache-grammatik-deutschland-amerika-dichtung-gesellschaft
Erscheinungsdatum;08.01.22;08.30.20;02.24.21;02.17.22;06.03.21
Zugriffsdatum;08.18.22;08.18.22;08.23.22;08.23.22;08.23.22
Anzahl der Kommentare;157;155;504;1200;936
Wie ist Einstellung im Artikel;neutral, sachlich;gegen das Gendern, da zu sehr Fokus auf Geschlecht, ist selbst sexistisch;gegen Gendern, Angst, drängt Frauen in Opferrolle;neutral, sachlich;schadet nicht, aber Vorschrift auch keine Lösung, Sprache als Fahne
Verfasser*in :Kommentar;Nthweiden : Mit der strikten Anwendung der „Gendersprache“ werden Minderheiten nicht geschützt, sondern in die Öffentlichkeit gezerrt, ohne dass sie sich wehren können! Hiermit wird Ideologen mehr Raum gegeben, als ihnen zusteht!;"yarramalong : Ich bin Mitglied in einem Segelverein. Solche Clubs waren früher sehr maskulin. Man segelte einst in weißen Hosen und blauem Zweireiher. Die Welt hat sich mittlerweile gedreht. Wir haben zwar immer noch einen Frauenwart,  aber nur weil manche Wettbewerbe Frauen und Männer getrennt bewerten. Niemand hat sich aber jemals Gedanken darüber gemacht, ob der Frauenwart männlich oder weiblich ist. Ebenso wenig fragt man sich, ob unser Hafenmeister (jeden Monat wechselnd) einen Bart hat oder eher nicht. 

Wäre irgend jemand daran interessiert, müssten wir das Schild an der Hafenmeisterwohnung erneuern und ""Hafenmeisterinnenwohnung"" darauf schreiben. Außenstehende verstehen das zuweilen nicht. Als eines Tages die Person im Amt, eine junge blonde Frau, auf der Terrasse saß, wurde ich gefragt, wo der Hafenmeister sei. Ich zeigte dem Besucher die gefragte Person. Dieser stellte ihr die Frage erneut. Daraufhin frotzelte die junge Dame ""Du glaubt wohl, der Hafenmeister hat eine Schifferfräse und raucht eine Maiskolbenpfeife?"" Das hat gesessen.";Tobias G. : Die Gefahr liegt denke ich in Folgendem: In der real existierenden Demokratie (die anders funktioniert als die idealisierte Vorstellung, die z.B. im Grundgesetz propagiert wird) geht die Herrschaft real von einer „elitären“ Gruppe von Entscheidern und Narrativsetzern aus, die durch die Wahl eine Legitimation erhalten, die sie auf meritokratischem Weg nie erhalten würden. Jedoch werden in der Verfassung einige reale Machtfaktoren nicht berücksichtigt. In erster Linie Universitäten und Medien, die kaum einer staatlichen Kontrolle unterstehen. Das heißt, dass der politische Angriff auf das bisherige System von dort kommt. Die autoritäre Linke möchte herrschen und zwar indem sie den vom bisherigen Establishment vorgegebenen Staatskult (Liberalismus, Egalitarismus, Feminismus) konsequent zu seinem ideologischen Ende führen. Dazu müssen sie die neuen Eliten ideologisch indoktrinieren (z.B. die linksextreme Verfassungsrichterin in MeckPom). Weil unsere Verfassung in vielen Bereichen zur Interpretation steht, ist sie sehr vom Zeitgeist abhängig, darum wird die Nichtbenutzung der Gendersprache in einigen Jahren auch ein offener Affront sein. Wehret den Anfängen!;"Hugo-Z-3I9XP7g : Hmm..
Beim Gendern geht es also in erster Linie um Frauen? Ich dachte, der Stern, Unterstrich oder was auch immer solle gerade alle möglichen anderen Geschlechtsidentitäten als inkludiert ausdrücken.
Und nun ist es nur eine Art trojanisches Pferd im alten, feministischen Kampf gegen das generische Maskulinum?
Dann können wir doch einfach und verständlich BEIDE Genera benutzen, wo es nötig ist. Ohne Hicksen und sonstiges.";"hembke : 

Eigentlich müsste es von allen Personenbezeichnungen eine männliche, weibliche und neutrale/allgemeine Form geben.
Die Grundform - meist gleich der heutigen männlichen, weil sie schlicht kürzer ist - hätte die bisherige (übliche) Endung:
Lehrer - Arzt - Pilot
Die männliche bekäme ein (weiteres) -er:
Lehrerer - Arzter (oder Ärzter) - Piloter
Die weibliche bliebe wie gehabt:
Lehrerin - Ärztin - Pilotin.

Es würde also vieles gehen:
Er ist Arzt oder Arzter.
Sie ist Arzt oder Ärztin.
Beide sind Ärzte.

Alle Lehrer sind Menschen.
Alle Lehrerer sind Männer.
Alle Lehrerinnen sind Frauen.

Ganz sicher würde sich dann irgendwann die neutrale Form als gebräuchlichste durchsetzen.
Die geschlechtsspezifischen würde man nur noch nutzen, wenn man eindeutig und ausschließlich Angehörige eines Geschlechts meint.
"
;Pragmatiker: Minderheiten? Sorry, ich kann Ihnen nicht so wirklich folgen...;;;;
;-> Winterwind : Von welcher Minderheit sprechen Sie? Frauen bilden in Deutschland die Mehrheit. Dass Sie da einen anderen Eindruck haben, ist eher ein Argument für das Gendern (These). Denn offensichtlich müssen Frauen sichtbarer gemacht werden, damit man sie nicht mehr fälschlich für eine Minderheit hält. :;samtripp : Ja, ich stimme diesem Artikel zu 100% zu.;"Dietmar B. : Frank M schreibt: ""Es sollten sich immer mehr wehren; wir tun dies mit E-Mails an Duden und ARD/ZDF u.a. und entsprechenden Kommentaren und Kritiken.""

Gut so! Ich möchte hierzu einen weiteren Vorschlag machen. Sollte er in den 504 Kommentaren, die ich nicht leider nicht alle  :)  lesen konnte, bereits formuliert worden sein - dann wiederhole ich ihn eben.

Auch wir Verbraucher haben Macht. Viele von uns unterstützen Organisationen, die eine wertvolle Arbeit für die Gesellschaft leisten, mit monatlichen oder jährlichen Beiträgen. Ich engagiere mich im Umweltschutz und habe jetzt bei einer dieser Organisationen meinen Mitgliedsbeitrag um 20 Euro gekürzt - nach einem langen, von gegenseitigem Respekt getragenen Meinungsaustausch via Email (der selbstverständlich privat bleiben wird). Angesichts des freundlichen Umgangstons tut der harte Schnitt schon etwas weh -, aber das Gendern betrachte ich als eine von mir nicht autorisierte Einmischung in meine Lesegewohnheiten. Frau Hümpels Artikel unterstütze ich uneingeschränkt.

Die ""Gendergebühr"" von 20 Euro wird für die Dauer des Genderns erhoben. Sie entfällt, sobald die Institution auf das Gendern verzichtet, so wie es - gemäß der WELT-Umfrage (Artikel vom 31. 5. 2020) - die Mehrheit der Befragten verlangt. Das ""ersparte"" Geld wird nicht etwa im Café verjubelt, sondern geht als Sonderspende an den Verein Deutsche Sprache. 

Der Umgang mit ""uralten"" Daueraufträgen (Mist, wo sind die Daten?) und die manuelle Überweisung der Spende ist zwar etwas mühsam. Aber welcher Kampf ist schon bequem?";"Jana-csinhHY7R : Gendern diskriminiert und grenzt Millionen Menschen aus bzw. erschwert enorm deren Teilhabe (Menschen mit Lese-Rechtschreibschwäche, Blinde, Menschen aus bildungsfernen Kreisen, Hörbehinderte, Menschen die die deutsche Sprache lernen, Migranten). Gendern will ständig auf das Geschlecht hinweisen, auch dort, wo es überhaupt keine Rolle spielt. Gendern führt auch für den Durchschnittsleser zu erschwertem bzw. langsameren Textverständnis. Es werden Berufe wie Arzt oder Apotheker gegendert mit dem Ziel, Frauen sichtbarer zu machen. Dabei studieren heute schon mehr Frauen als Männer Medizin und Pharmazie. In der DDR wurde bei vielen Berufen auf die Endung -in verzichtet. Frauen waren ganz selbstverständlich Schichtleiter, Ingenieur, Lehrer. Obwohl es kein Gendern gab waren über 90% der Frauen berufstätig und oft auch in technischen Berufen. Die türkische Sprache ist ""von Haus"" aus absolut genderneutral. Die Stellung der Frau ist trotzdem nicht gerade fortschrittlich. In unseren gesellschaftlichen Debatten orientieren wir uns oft an Skandinavien. Beispiel zum Gendern: In Norwegen gibt es für Lehrer/Lehrerin die Wörter laerer / laererinne. Laererinne ist veraltet und wird kaum noch verwendet. Laerer sind einfach alle - egal ob m/w/d. Vielleicht sollten wir auch öfter mal die Endung -in weglassen. Ich als Frau kann jedenfalls der sprachlichen Trennung in Geschlechter absolut nichts abgewinnen. Ich bin selbstbewusst genug und fühle mich beim generischen Maskulinum in keiner Form ausgeschlossen oder unsichtbar.";"GerhardSamulat : 

Zwei, drei Anmerkungen zum Beitrag:

a) Warum wird beim Genderstern - wie auch im Beitrag zu lesen - so oft die Verniedlichungsform Genderstern""chen"" genutzt? An und für sich ist das ja despektierlich den angesprochenen Menschen gegenüber, oder zeigt zumindest, dass man diese Personen nicht ganz für voll nimmt!

b) In Anbetracht der Erfahrungen aus der jüngsten deutschen Geschichte widerstrebt es mir massiv, eine wie auch immer geartete Menschengruppe mit einem Stern kennzeichnen zu sollen/wollen. Da gibt es sicherlich bessere Alternativen.

c) Falls man wirklich ein ""Kürzel"" für die gendergerechte Sprache ins Auge fasst - was eigentlich nur selten notwendig ist, weil man mit etwas Phantasie auch so gendergerecht formulieren kann - dann würde ich mich für eine Weiterentwicklung des Binnen-I zu einem Gender-I aussprechen, wobei das I für „Identität“, „Integration“ respektive „Inklusion“ stehen soll. Diese Interpretation ist allerdings sehr neu und hat sich noch nicht herumgesprochen.

Ansonsten: Schöner Artikel!
"
;patric.kretschmar.911 : Derartige Beiträge kenne ich schon länger. Auch hinsichtlich der Aufklärung über das weitverbreitete Missverständnis hinsichtlich der Verwendung unserer Artikel. Genutzt hat das bisher nichts und es wird wohl auch weiterhin nichts nützen. Während Erdogan beklagt die Türkei sei von der Gülen-Bewegung unterwandert worden, ist D, aus meiner ganz persönlichen Sicht, von linken Aktivisten unterwandert worden. Ob in den Medien, insbesondere beim ÖRR, aber auch vielen anderen oder auch im Bildungswesen, ob Schule oder Uni. Das sieht man sowohl an der Atomkraft, als auch am Genedern. Es gibt ja eine Studie, die belegt, dass uns vor allem die Medien aus der Atomkraft geschrieben haben, den Ausstieg faktisch regelrecht erzwungen haben. Und sie werden uns auch das Gendern aufzwingen. ;;;;"-> Ragnhild Haas: 

Lieber Gerhard Samulat,

Sternchen ist keine despektierliche Verniedlichungsform. (rot)

Sterne sind (z.B.) am Himmel (ein massereicher, selbstleuchtender Himmelskörper), das Sternchen dagegen ist ein sternförmiges Symbol. Das sollten wir nicht durcheinander bekommen. (gelb)

Sie sehen auch eine mögliche Parallele bei der Verwendung des Sternchens zu dem Judenstern des 3. Reiches (so habe ich das zumindest verstanden). Eine Menschgruppe würde so mit einem Stern gekennzeichnet.

Es tut mir leid, zu solchen Gedankengängen fehlt mir tatsächlich die von Ihnen angesprochene Phantasie. Ich dachte immer, irgendwo fände der allgemeine Irrsinn eine natürliche Grenze, aber anscheinend ist dem nicht so. (rot)

Ich empfehle folgenden Artikel in der Neue Züricher Zeitung:
""Sprachen wandeln sich immer – aber nie in Richtung Unfug"". (gelb?)
"
;;;"Nikola H. : Sie sprechen einen ganz wichtigen Aspekt an, der in den ganzen moralinsauren Diskussionen der ""Sich-verletzt-Fühlenden"" komplett fehlt: Dass sie mit ihrer ""gerechten"" Sprache den Spracharbeitern, seien es Journalisten, Schriftsteller, ja selbst Menschen, die wissenschaftliche Arbeiten verfassen, einfach dreist den Werkzeugkasten ausräumen. Und dann nicht mal verstehen, dass man sich als Betroffener darüber beschwert, dass man keinen Nagel mehr einschlagen kann, weil der Hammer fehlt. ";Yo8WvZhY5TcXbVki8HBHjm : Geschlechterneutral situationsbedingt ja, aber nicht mit Rechenoperatoren mitten im Wort. Das verunstaltet die deutsche Sprache. Sondern durch gebührliche Aufzählung, z. B.: Schülerinnen und Schüler. Soviel Zeit muss sein, wenn man zwar genderneutral, aber dann zum Ausgleich nicht wieder unhöflich Tippfaul sein will.;"
Petersbacher :
„Eine Veränderung, die keine Verbesserung ist, ist eine Verschlechterung“. Zitat von Adolf Loos.

Für was soll dieses ""Schrift-Gendern"" denn gut sein.? Wem soll das dienen? Wenn Frauen etwas NICHT werden, dann liegt das nicht daran, dass man nicht oft genug Pilot*in gesagt hat. Das ist doch ziemlich daneben.

Eine Eigenheit der deutschen Sprache ist, dass der männliche Ausdruck für beide Geschlechter steht. Das kapiert man sofort und damit kommt man durchaus zurecht. Wer nicht, soll nen Sprachkurs machen.

Und dahinein jetzt irgendeine Wertung hineinzufantasieren - tut mir leid, das ist nicht meine Welt. Das ist auch niemandem anderen seine Welt, egal welchen Geschlechts.

Das ist ne Agenda und ne Lobbyarbeit von ein paar ganz wenigen, dei sich wichtig machen und maximal laut sind. Der Rest der Bevölker*innen gehen Arbeiten.
"
;kai_o_herrmann : Unter den 102 (sic!) ursprünglichen Unterzeichnern befindet sich exakt EINE aktive (weibliche) Professorin. Ansonsten: sehr viele Wissenschaftler im Ruhestand, Lehrerinnen und Lehrer, Studierende. Auch Wissenschaftler aus sehr fernliegend Disziplinen - und eben weit überwiegend Männer. Zwei Überlegungen dazu: (1) Wenn man hauptsächlich Männer fragt, ist es vielleicht auch kein Wunder, dass diese kein Problem mit dem generischen Maskulinum haben. (2) Selbstverständlich darf jede obskure Zusammenstellung von Personen eine Meinung haben und diese Meinung veröffentlichen. Wenn die RP darüber berichtet, wäre es aber gut, wenn sie auch schreiben würde, dass das nicht „die Wissenschaft“ ist, die da etwas fordert, sondern nur eine Gruppe von 100 mehr oder weniger zufälligen Personen. Ach ja, und ein Link zu dem Aufruf wäre vielleicht auch nicht schlecht, ich liefere ihn einmal nach:https://www.linguistik-vs-gendern.de (Dieser Kommentar war übrigens mild gegendert, und war das wirklich SO schlimm?);;;"-> Mantru_poteca: Mir gefällt ""Schülerinnen und Schüler"" überhaupt nicht (rot). Die Mädchen bitte auf die linke Seite, die Jungen nach rechts. Kommt als nächstes dann der getrennte Unterricht? (gelb)

Schreiben Sie dann auch ""Haupt- und Realschülerinnen und -schüler"" oder wie machen Sie das? Ich behaupte mal, das können überhaupt nur wenige Leute so richtig mit Ergänzungsstrichen schreiben (rot). Besonders gut lesbar ist das außerdem nicht (rot).";"-> Bläßhuhn: 

""Wenn Frauen etwas NICHT werden, dann liegt das nicht daran, dass man nicht oft genug Pilot*in gesagt hat. Das ist doch ziemlich daneben.""

Dazu schrieb ich neulich schon was: Ich hatte mir Mitte der 80er überlegt, ob ich vielleicht Pilot werden sollte, oder um genauer zu sein: Pilotin. Meine Eltern und meine Umgebung haben das gefördert, ich ging ab 15 zum Segelfliegen.
Tja, und dann fand ich raus, dass die Lufthansa keine Frauen in die Pilotenschule aufnahm, und die Luftwaffe ebenso nicht. (rot) Letzerer war es aufgrund einer Ausschließung von Frauen im Grundgesetz sogar gesetzlich verboten (erst 2000 durch den EuGH gekippt).

Solche instutionellen Diskriminierungen sind zu 99,9% gefallen (mag sein, dass es in esoterischen Winkeln der Gesetzgebung noch welche gibt). Heute müssen wir daran arbeiten, dass Mädchen die Möglichkeiten auch sehen und ergreifen. (rot) Und das wird nicht erreicht mit gegenderter Sprache, sondern das ist Arbeit in der Schlammzone, an Ausbildungstätten aller Art und in den Familien. (rot)
"
;More84: Ich empfehle ihnen folgendes Video zu dem Thema, das schon von Millionen geklickt wurde: https://www.youtube.com/watch?v=aZaBzeVbLnQ;"fitzliputz : Jein. Ich fände es zwar ganz okay, wenn man nach der Debatte wieder zu den Altbekannten und erprobten Formen zurückkehrt - aber die Debatte und das Ausprobieren anderer Formen ist wichtig, weil es im deutschsprachigen Raum immer noch ein ERKÄMPFEN von Räumen für Frauen und andere Marginalisierte ist, während es im angelsächsischen Raum bestenfalls um den Erhalt und Ausbau eines halbwegs erträglichen Status Quo geht. Die hatten halt auch schon früher und länger Madams Prime Minister - hier gibt es nur Merkel, das ist schnell verpufft. Nur zur Beispiel. Zudem ist es im englsichen eben kein ""generisches Maskulinum"" sondern einfach ein Wort - es ist immer schon üblich gewesen, nach einer Berufsbezeichnung, deren Zielmensch nicht klar war, ""he or she"" einzufügen. ""the Author is unknown, he or she may be broke too""  Im Deutschen ist das unüblich. Daher ist die Diskussion wichtig - eben DAMIT man als Frau (wie ich auch) mitgedacht wird. Derzeit ist das bei ""der Anwalt kommt gleich"" aber nicht der Fall. ";Alexandra B. : Super Artikel, danke!;-> EliasZZKPaGU7R: Für Geschlechterneutralität wuredn die generischen Formen extra eingeführt (gelb). Und das soll jetzt alles über den Haufen geworfen werden (rot), nur weil 1% der deutschen Bevölkerung das Genus und Sexus nicht auseinander halten kann, geschweige denn will (rot)?;"gelöschter Nutzer : Der Durchschnittsmensch schöpft einen wesentlichen Teil seiner Identität aus der Zugehörigkeit zum männlichen oder weiblichen Geschlecht. Unbestritten als Faktum ist auch: 1. Bei einer verschwindend geringen Minderheit der Menschen ist das anders, weil sie entweder physisch oder psychisch nicht eindeutig einem der beiden Geschlechtsmerkmale zuordenbar sind. 2. Frauen sind bis heute in vielen Bereichen unseres Lebens wegen ihres Geschlechts benachteiligt. So weit so schlecht. Dennoch will es sich mir einfach nicht erschließen, warum eine krampfhaft neutralisierte Sprache zur Lösung der beiden vorgenannten Probleme beitragen soll. Was ich aber sehe ist, dass die große Mehrheit der Menschen unter einem pseudo-intellektuellen Wahnsinn leidet, der so langsam in einen, man gestatte mir das Wort ""Sprach-Faschismus"" endet. Aus der Geschichte sollten wir doch langsam einmal gelernt haben, dass gelebter Fanatismus meist viel Unglück über die Menschen gebracht hat. Man denke nur an die politischen Führer die Anfangs des 20. Jahrhunderts dachten, sie könnten die Menschheit damit beglücken, dass alle gleich sind. Obwohl offensichtlich, dauerte es lange bis dieser Spuk vorüber war. Soll es mit unserer Sprache etwa auch so werden? Soll es vielleicht sogar eine Sprach-Polizei geben? Oder eine Sprach-Strafgesetzgebung? Lassen wir bitte von diesem UNSINN ab, aus unserer menschlichen Natur mit Mann und Frau künstlich neutrale Wesen zu basteln, die wir nie sein werden und auch nicht sein können!"
;-> Kalle: exakt EINE aktive (weibliche) Professorin. Im Gegensatz zu den unzähligen männlichen Professorinnen?!;"-> Samtripp: Und was bringt Ihnen das? Können Sie dann besser schlafen, wenn Sie sich endlich sicher sind, dass ihre Vagina in den Köpfen anderer Menschen eine Rolle spielt (rot)?

Es mag sein, dass Deutsche bei ""der Anwalt kommt gleich"" zuerst an einen Mann denken, ja, das würde ich wahrscheinlich auch. Aber wenn dann eine Frau durch die Tür käme, würde es mich jetzt auch nicht überraschen (rot). Und ehrlich gesagt ist es mir sowas von egal, ob da ein Mann oder eine Frau vor mir steht, denn wenn ich grade jemand ermordet habe (rot), dann will ich einen guten Anwalt haben und keinen, dem seine Vagina so wichtig ist, dass er sie sprachlich ständig hervorheben muss (gelb).";;GordonFreeman : Die Mehrheit will es nicht und trotzdem wird immer wieder als das non plus ultra verkauft. Man soll wohl weichgeklopf werden. Wir lange sich die Gesellschaft noch wehrt?;"Mielikki : 

Man muss halt auch mal bedenken dass dieses grausige Asterisk, das Ärgersternchen, 0,01% der Bevölkerung inkludiert.
Das Binnen I 50%, es reicht völlig aus. Besser generische Femininum auf Die Person, statt der Mensch.

Die Person ist immerhin ein Individuum!
"
;offroader: Wir nähern uns in bedenklicher Weise den Zuständen von „1984“. Die Sprache wird dem Gusto einiger weniger Schreihälse angepasst, die Geschichte und alte Bücher der neuen Ideologie angepasst. Die Überwachung nimmt zu und das Denunziantentum wird gefördert. Wir sollten wachsam sein und diesen Tendenzen Einhalt gebieten.;"Sammy_aus_Charlottenburg : Ein wichtiger Artikel, der eine neue Sichtweise in dieses Thema bringt, dafür vielen Dank.

Was mich persönlich fassungslos macht, ist der erste Absatz. Eine andere Person zu unterbrechen, ihr sozusagen über den Mund zu fahren und vorzuschreiben, wie Sätze zu formulieren sind, geht überhaupt nicht! Da kann sich der Kollege in seinem missionarischen Eifer noch so sehr im Recht sehen - wer sich so verhält, ist im Unrecht. Punkt. Ein besonderes Geschmäckle bekommt das Ganze noch dadurch, dass es hier ein Mann war, der eine Frau - im Namen des Feminismus - zurechtgewiesen und korrigiert hat.

Ich denke, dass es bei dieser Thematik längst um etwas ganz anderes geht. Nämlich um Deutungshoheit und damit Dominanz.  Und letztlich sogar um das Festzementieren alter Strukturen. Wenn sich alle einig sind, dass man nur alles Durchgendern muss, damit endlich Gleichheit herrscht, können sich alle zurücklehnen und weiter ihr Leben leben. Wenn es dann nichts wird mit dem Vorstandsposten, liegt das ja an den patriarchalen Strukturen und ihrer Sprache. Sollte sich aber herausstellen, dass das Gendern gleichstellungsmäßig gar nichts bringt, gibt es keine Entschuldigung mehr. Wenn frau dann immer noch nicht im Vorstand landet, liegt es möglicherweise am selbst gewählten Lebensentwurf, nicht an irgendwelchen Strukturen. Da ist das Opfer-Sein schon sexier.";Hans P. : Danke für diesen Artikel der allen normalen Menschen aus dem Herz spricht. Man kann ja im normalen Leben diesen Sprachmanipulationen aus dem Weg gehen. Aber bei neueren Dokumentationen und Nachrichten in ARD/ZDF ist man diesen Phänomenen hilflos ausgeliefert außer man dreht ab. Ich frage mich wer mit diesem ganzen Unsinn angefangen hat und was in anderen Ländern üblich ist. Eines ist allerdings klar:  Sprache ist Macht und was hier stattfindet hat weniger mit Sprache zu tun sondern mit dem Versuch eine gesamte Gesellschaft geistig zu vergewaltigen. ;;
;;;;-> MaXLmustermann: Was dieser Gesellschaft fehlt, ist endlich mal etwas Empörung. Aufstehen gegen Sprachdiktatur. Überhaupt alles Dikatur. Oder? (rot);Lomse : Carsharing, Homeoffice, Pop-up-Radweg oder Shitstorm könnte man selbstverständlich mit deutschen Begriffen belegen: Autoteilen, Heimbüro, provisorischer Radweg, Scheißesturm. Sind wir Deutschen wirklich so unkreativ geworden?
;-> Winterwind : Das Gendern soll die Ausdrucksmöglichkeiten erweitern (gelb) , hat mit 1984 also nichts zu tun. (rot) Das trifft eher auf die Unterzeichner_Innen des Aufrufs zu (rot) . Wie in Orwells Neusprech wollen sie Ausdrucksmöglichkeiten aus der Sprache streichen (gelb) .Die Bezeichnung Altsprech wäre aber vielleicht angemessener (grün).;"Meerwind7 : Gab es Dialoge in Fernsehkrimis mit der Frage ""wer war die Mörderin oder der Mörder""?";F;HenryIX: Ohne den letzten Satz wäre Ihr Beitrag ja gerade noch akzeptabel.;
;;;"-> Christof S.: Mir ging es genau so. Die unbedarften bis hanebüchenen ""Argumente"" von Frau Gerster (z.B. brachte sie das generische Maskulinum mit einer Männerlastigkeit in der medizinischen Normung zusammen) wären leicht auseinanderzunehmen gewesen. Herr Patzelt aber schwurbelte vorwiegend herum und drückte sich vor der Konfrontation. Erst unterschreibt er eine Petition gegen den Unfug, dann windet er sich und weigert sich, den Unfug beim Namen zu nennen. Traurig! 
Leider ist es fast durchgehend zu beobachten, daß die Genderkritiker in solchen Sendungen ihrer Sache keinen besonderen Dienst erweisen und erstaunlich uninformiert wirken (rot). Das tut weh, wenn man um die eigentlichen, handfesten Argumente weiß (gelb). Gestern mußte ich dann zur Wahrung meines Wohlbefindens abschalten und dachte mir dabei: ""Wenn doch nur Frau Hümpel…""";DyZmQJNWUPKgTy3Ez9nZkT : Eigentlich finde ich Gendern sprachlich blöd. Aber die Aufregung, die man durch zwei kleine Pünktchen oder einen harmlosen Stern erzeugen kann, ist einfach göttlich! Ganz vorne mit dabei: Leute, die sich gegen eine angebliche Sprachdiktatur verwahren und in diesem Zuge anderen Leuten verbieten wollen, eine kleine Sprechpause zu machen, die so unter anderem auch in Wörtern wie Museum oder Spiegelei vorkommt. Und denen die Ironie dieser Kombination vollkommen entgeht. Realsatire kann doch richtig Spaß machen. In diesem Sinne: Allen Forist:innen ein schönes Wochenende!;Perguntas : Ich bin absolut für sprachsensibles Handeln, für partnerschaftliche Genderkorrektheit und interkulturelle Empathie, aber ich lasse mir ungern vorschreiben, wie ich zu sprechen, zu schreiben und zu denken habe. Wenn Posener die Artikel und Generi im Deutschen abschaffen will, soll er sich in eine Zeitmaschine setzen und ins 25. Jahrhundert beamen lassen. Da sind sie dann garantiert weg, falls es überhaupt noch so etwas wie ein Deutschland und Deutsch gibt. Im Übrigen gibt es Wichtigeres als gendergerecht zu sprechen: Wie wäre es zum Beispiel mit gleicher Bezahlung für die gleiche Arbeit? Oder gendergerechtem und respektvollen Handeln in der Gesellschaft, wo Frauen noch oft misshandelt, vergewaltigt und wie Waren behandelt werden?
;"Uwe40217 : Dieder Aufruf ist mehr als gerechtfertigt. Besonders gefällt mir die Bewertung des Genderns mit der Bemerkung ""...Mit Blick auf das angestrebte Ziel der Geschlechtergerechtigkeit sei es also dysfunktional..."". Das meint wohl kurz gesagt: das Gendern gehört in die Mülltonne sprachlicher Entgleisungen.";"MoiraGustafsson :  ich bin nicht einverstanden. es ist ja so, dass ein generisches maskulinum eben so dehnbar ist, dass
wir uns einen schwulen Schwarzen Mann im Rollstuhl
vorstellen können, eine Frau, oder gar eine lesbische, jüdische
Frau, eher nicht. darum ist es wichtig, zu
gendern. weil schwule Männer eher mitgemeint sind, als
 heterosexuelle (!) Frauen (um im bild dessen, was als norm wahrgenommen wird, zu bleiben) - und besser bezahlt. und der
vergleich mit großbritannien hinkt: die englische sprache kennt
keine weibliche form, das generische femininum verträgt hier
keine endung à la autor-in. das englische woman author ist eine
behelfsform. kein mensch kann mir erzählen, dass authoress
wirklich benutzt wird. (im gegensatz zu actress, okay, oder alte
formen wie mistress). und das englische ist im übrigen
auch androgendernd, denn niemand sieht sich in der pflicht, mit
male authour deutlich zu machen, dass es sich um einen mann
handelt, das ist eben nur bei tradiert weiblichen berufen der
fall. insofern ist der kommentar vom britischen professor
sexistisch. die verbesserung des schriftstellerkollegen im
übrigen auch, aber deswegen ist das ganze konzept des genderns nicht gleich obsolet, schließlich werden mit der *-form auch nicht-binäre identitäten kenntlich, also ""sicht""bar und ""hör""bar, gemacht...
und der vergleich mit der bundeskanzlerin hinkt. auch, wenn sie
seit einem jahrzehnt in diesem amt ist, ist bundeskanzler eine
männliche form und damit patriarchal, weil sie das männliche zur
norm erhebt. nur weil kinder oder jugendliche bewusst noch
keinen männlichen bundeskanzler kannten, heißt das nicht, dass
sie das wort allein qua seiner endung nicht als männlich
assoziert wahrnehmen, und damit die frau an der spitze im
kanzler*innenamt nicht als ausnahme. ";"D.logenes : Habe heute Mittag einen ""Dönenden"" gegessen.…";;
;;"-> jjano:     es ist ja so, dass ein generisches maskulinum eben so dehnbar ist, dass
    wir uns einen schwulen Schwarzen Mann im Rollstuhl
    vorstellen können, eine Frau, oder gar eine lesbische, jüdische
    Frau, eher nicht

Genau das ist das Problem, das im Artikel angesprochen wird. Das muss sich ändern. Das Gendern allerdings verhindert, dass sich das ändert (rot).

    vergleich mit großbritannien hinkt: die englische sprache kennt
    keine weibliche form, das generische femininum verträgt hier
    keine endung à la autor-in. 

Sorry, das ist einfach falsch. Natürlich gibt es im Englischen das Wort ""authoress"": https://www.dict.cc/?s=authoress (rot)
Allerdings gilt die Unterscheidung zwischen author und authoress inzwischen als veraltet. Stattdessen wird empfohlen, geschlechtsunabhängig die früher männliche Form einzusetzen. Aus Gründen, die im Artikel stehen.

    ﻿und der vergleich mit der bundeskanzlerin hinkt. auch, wenn sie
    seit einem jahrzehnt in diesem amt ist, ist bundeskanzler eine
    männliche form und damit patriarchal, weil sie das männliche zur
    norm erhebt. nur weil kinder oder jugendliche bewusst noch
    keinen männlichen bundeskanzler kannten, heißt das nicht, dass
    sie das wort allein qua seiner endung nicht als männlich
    assoziert wahrnehmen, und damit die frau an der spitze im
    kanzler*innenamt nicht als ausnahme. 

Auch das steht genau so im Artikel. Allerdings nutzt der Artikel den den Konjunktiv, um auf eine hypothetische Möglichkeit hinzudeuten: Wenn die Medienöffentlichkeit Angela Merkel all die Zeit als ""Bundeskanzler"" bezeichnet hätte, hätte das sehr wohl dazu geführt, dass Kinder und Jugendliche das Wort als geschlechtsneutral wahrnehmen würden (rot). Denkst du, Wortbedeutungen seien gottgegeben? Sie entstehen natürlich aus dem Sprachgebrauch. Und wenn der durch das Gendern zunehmend impliziert, das Wort ""Bürger"" würde nur Männer meinen, gilt auch irgendwann das Grundgesetz in der Wahrnehmung der Menschen nur noch für Männer (gelb).";;-> DerAndereBarde: Museum enthält bei Muttersprachlern einen Hiatus, keinen Glottisschlag. Spiegel und Ei sind Wörter, Ärzt und Innen nicht (rot/gelb). Ähnlich schluderig ist die ganze Argumentation der Befürworter(rot).;"Jan X. Kowalski : 

Wenn schon, denn schon... In einem Abwasch noch:

a) Die bestimmten Artikel der, die, das paritätisch zu je 1/3 neu zuteilen;
b) Unliebsame Substantive kleinschreiben;
c) Alle Fluchwörter gleichgeschaltet nur als * aufführen;
d) Das Wort ""verschlimmbessern"" ersatzlos streichen.
"
;MikeyM : Nun ja, trotz ARD: Immerhin hat die Frauschaft der Deutschinnen gestern Abend nicht gewonnen .. ;"Hane : Der wievielte Bundeskanzler ist Dr. Merkel?

    ﻿Im Grunde gibt es nur ein einzig wirklich gutes Argument gegen das Gendern: Es ist leider sexistisch.

Das für mich entscheidende Argument ist, dass wir eine generische Form brauchen. Immer, wenn wir eine Teil ins Verhältnis zur Gesamtheit setzen möchten, brauchen wir sie. Und immer, wenn wir gendern, geht das Verständnis für die generische Form ein Stückchen verloren.

Der Grundfehler des Sprachfeminismus ist es ja, einen Zusammenhang zwischen grammatikalischem und biologischem Geschlecht zu sehen. Grammatikalisch besteht zwischen Schriftsteller und Lichtschalter kein Unterschied. Wie kommt man auf die Idee, dass bei einem nur die Funktion benannt wird, beim anderen auch das biologische Geschlecht?

Wir sollten die irrtümlich angenommen Zusammenhang zwischen den grammatikalischen und biologischen Geschlechtern begegnen, indem wir sie unterschiedlich benennen.";Kerstin M. : Bleiben Sie bei sich! Melden Sie aktiv Widerstand an! Machen Sie es schlicht nicht mit! Einfach weiterhin viele viele Texte veröffentlichen, die frei von diesem linguistischen Blödsinn geschrieben sind! - Ich tue das konsequent und auch bewusst.;"Isi : Wer genau bestimmt, wie gesprochen und geschrieben wird?
...und was wird an den Schulen gelehrt ?";
;Winterwind: Sie freuen sich über seltsame Dinge.;;;-> 100tausend : Eine kleine Minderheit möchte dies unautorisiert für alle bestimmen (rot). Nach dem Motto: Wir sind ja schließlich die Guten.;"vorderwäldler : Das Deutsche ist eine viel zu schöne Sprache,um sie den Sprachpuristen zu überlassen.
Sprache hat immer was mit Bewegung ,Elastizität, Veränderung und Spieltrieb zu tun,und es schadet ihr am meisten,wenn man sie in Stein meisseln möchte.
Luther hat so viele deutsche Worte erschaffen,seither ist die Sprache eine Spielwiese.
Aber gendern ist streng verboten? Gehts noch?"
;"RP-READER-KR : Ich bin kein Freund des Genderns, weil es meiner Ansicht nach die gewohnte Flüssigkeit des Sprechens und Lesens nachteilig beeinflußt. Aus ideologischen Gründen dagegen zu wettern, halte ich aber für verfehlt. Es droht nicht der Untergang der deutschen Kultur, wenn wer die Sterneritis und Stricheritis auf sein Panier stickt, um zu ""beweisen"", daß er die Diversität der Geschlechter begriffen und deren Gleiberechtigung verinnerlicht hat. ";"liliancarla : identifiziert sich Nele Pollatschek dann auch nicht mit ""ihr""/""sie""? Gendern bietet doch genau die Möglichkeit  nicht zwei Genderidentitäten zu reduzieren. Es existieren auch Menschen, die nicht (genau) in dieses Zweigeschlechtermodell passen. Deshalb wird ja ""_"", "":"", ""·"" und ""*"" verwendet und
gesprochen wird eine kurze Pause, um alle die sich nicht mit ihrem
anatomischen Geschlecht identifizieren in die Sprache einzubeziehen.
Also eigentlich doch die perfekte Sprache, wenn Nele Pollatschek sich wünscht, dass ihr anatomisches Geschlecht kein Thema ist.";"Frank M. : Liebe Frau Hümpel,
Sie fragen, was noch kommen könnte und sprechen die Blau- und Rosatöne an, die in neuen Designs neutral gestaltet werden könnten.
Die Realsatire des Gender-Gaga hat Sie hier schon überholt:
Die Stadtverwaltung Erfurt schafft die blauen und rosafarbenen Puffbohne-Kuscheltiere für Neugeborene ab, die sie bisher auf den Entbindungsstationen kostenlos verteilt hat.
Über das neue Farbdesign, das ja jetzt gender-neutral sein soll, ist man noch in der Diskussion.
Hat was von Absurdistan.";"-> 8g32NBdKjZwrZMKXmMtoe6: In Frankreich gibt es eine Akademie, die bestimmt, was genau ""Französisch"" ist. In Deutschland kann das jeder so machen wie er will.
Möglichkeiten dagegen wären:
ironisches Überspitzen, sehr geehre Beamtinnen und Beamte und Beamteerale
absichtliches falsch verstehn. Ich bin kein Bürger innen, sonder ich bin außen, also bin ich nicht angesprochen.
besonders das Partizip missverstehen (rot) : in der Urkunde wurden Studierende angesprochen: weil ich viel lese, bin ich auch ein Studierender, ohne Student zu sein, also gelten Privilegien aus dieser Urkunde auch für mich (gelb).";"Ol’Nick : YMMD :) Ich werde mir das als köstliches Exempel für ""Haltet den Dieb!"" einrahmen."
;;"-> jjano: ""Sich mit einem Pronomen identifizieren"" funktioniert im deutschen nicht (rot). Pronomen haben im deutschen nichts mit dem Geschlecht eines Menschen zu tun, sondern mit dem Genus des Nomens, das ersetzt wird (gelb).

Ich habe noch nie von einem Mann gehört, dem der Penis abgefallen ist, weil er als Fachkraft einbestellt wurde. Trotzdem ist sein Pronomen als Fachkraft ""sie"". Ein Mädchen muss sich nicht mit dem Pronomen ""es"" identifizieren, trotzdem ist sein Pronomen in jedem Fall ""es"" (grün).

Nele Polatschek wünsch sich, dass ihr Geschlecht Privatsache ist. Das gleiche wünschen sich übrigens insbesondere viele nicht-binäre, und dazu haben sie auch das Recht (rot). Dazu gehört es eben auch, dass sie mit dem gleichen Bezeichnungen angeredet werden wie alle anderen, und dass man nicht, weil man nicht-binär ist, nicht über einen Asterisk, Doppelpunkt oder Unterstrich also solcher gebrandmarkt wird (gelb).";;Kommentar gelöscht;"fooke : An den Autor, bitte lesen und verstehen:
https://www.daad.org/files/2…"
;"-> Rp-oskar : ""... daß er die Diversität der Geschlechter begriffen und deren Gleiberechtigung verinnerlicht hat."" es gibt nur zwei Geschlechter. Alles andere ist Balla-balla (rot).";"Kwanna : Die Argumentation mit dem Englischen ist verführerisch, krankt aber an einem wesentlichen logischen Haken, der hier (bewusst?) ausgeklammert wurde: dem BESTIMMTEN ARTIKEL.

Das ist im Englischen neutral immmer ein ""the"", im Deutschen ist es ""der, die, das"".

Und wie würden wir dann auf deutsch verfahren wollen?
""Die Kanzler Merkel"", ""der Krankenschwester Michael""?

Schade, es hätte mich eigentlich überzeugt, das Englische. Aber es lässt sich zunächst mal nicht eins zu eins ins Deutsche übertragen.";"Frank M. : Die Gender-Befürworter haben diese ""logischen"" Zusammenhänge in ihrer Argumentation:
„Mit der Geschlechtsoption „divers“ ist ein “drittes Geschlecht“ offiziell anerkannt…Dem muss sich nun auch die Sprache anpassen“
Worüber sprechen diese Leute da eigentlich?
Es haben sich bis jetzt ca. 400 Menschen als divers eintragen lassen. Das sind 0,0005% der gesamten Bevölkerung.
Dafür wird nun der gesamte deutschsprachige Raum gegendert - absurd.
Womöglich hat von diesen 400 kein einziger Lust, sich im Sternchen wiederfinden zu müssen.
Hauptsache wir haben den Minderheiten Genüge getan, ob sie wollen oder nicht!";MaXLmustermann : Entschuldigung, ich glaube, Sie haben da etwas missverstanden.;
;;"-> silent: Sprache ist wandelbar. Das ist ja die ganze Idee hinter diesen Diskussionen: Wie ändert man die Sprache um inklusiver zu sein (rot).

Für den Vorschlag aus diesem Artikel könnte man zum Beispiel sagen ""Der Kanzler Merkel"" oder ""der Krankenpfleger Anna"" (gelb). Es ist so lange falsch bis man es ändert (rot).

Vielleicht gibt es ja auch noch andere Ansätze in diese Richtung :)";Veit G.: Meines Wissens ist in dem Urteil des BVG von 2017 nirgendwo von einem „dritten Geschlecht“ die Rede, sondern nur von „Varianten“ gegenüber einer männlichen oder weiblichen Geschlechtsentwicklung.;Kommentar gelöscht;"Max Michael : Ich muss bei diesen ideologisch aufgeladenen Genderdiskussionen immer an die vielen Studentinnen denken, die ich mit meinen (vor allem den kleineren) Lehrveranstaltungen auf Ihrem akademischen Weg ein Stück begleiten durfte.
Geistig hellwach, selbstbewusst, oft mit dem Willen beseelt, die Welt ein Stück aus den Angeln zu heben, schlicht und einfach Persönlichkeiten, welche schon jetzt ahnen lassen, wie sehr sie die Dinge ganz selbstverständlich verändern werden.
Die Intention der „Gendersprache“ ist edel und gut. Jedoch, so glaube ich, verkennt diese, dass jene jungen Frauen es fast als beleidigend empfinden, wenn versucht wird, sie mittels mehr oder weniger verordneter Sprache in den Status einer schützenswerten unterdrückten Minderheit zu setzen.
Ich bin mir sicher: Diese vielen jungen Frauen werden die Gesellschaft samt ihres Denkens und ihrer Wirklichkeit umfassend verändern. Wir denken in Sprache. Und diese Sprache wird sich ändern - in genau dem Sinne, der den Befürwortern der heutigen gendergerechten Konstruktionen so am Herzen liegt. Das Ganze wird wohl ohne Sternchen oder Binnen-I auskommen, ganz sicher aber wird es ohne ein wie auch immer geartetes Diktat stattfinden."
;Hallo : Die „sogenannte gendergerechte Sprache“ sei ideologisch motiviert, Stimmt! Es ist halt eine Ideologie und auch eine Höflichkeit, Frauen, wenn man sie meint, auch anzusprechen. ;"einliberaler : Nachsatz: Auch schön finde ich, dass z.B. in TV- Berichten zu den Corona- Demos vom Wochenende natürlich von Polizistinnen und Polizisten, aber dann eben nur von Reichsbürgern gesprochen wird. Dies und viele andere ähnlich gelagerte Sprechblasen legen nahe, dass natürlich nur positiv konnotierte Berufe, Tätigkeiten etc. gegendert werden, die negativ konnotierten jedoch selbstverständlich im generischen Maskulinum bleiben. Oder hat jemand in der Kriminalstatistik schon mal von ""Mörderinnen und Mördern"" gehört?";;"-> MaXLmustermann: Krankheitserreger ist kein generisches Maskulinum (rot), weil es bei Krankheitserregern kein Maskulinum / Femininum gibt. (gelb)

Aber wenn man von den ""Gründern"" spricht, oder von den ""Vätern des Grundgesetzes"", wird vergessen, dass mittlerweile auch Frauen beteiligt sind (rot). Die GLeichberechtigung war 1948-49 übrigens kein Selbstläufer (rot). Elisabeth Selbert hat als eine der Mütter des Grundgesetzes ähnlich dafür gekämpft wie die wenigen ""Gendernden"", die heute am liebsten mundtot gemacht werden von manchen (gelb). Oft Männer, die Angst vor Machtverlust haben, und sehr unsicher sind in ihrer gesellschaftlichen Rolle und Bedeutung (rot).";"-> fooke. Bis auf einen Satz stimme ich Ihnen voll und ganz zu, nur:
""Die Intention der „Gendersprache“ ist edel und gut."" habe ich inzwischen als das erkannt, was es ist: ein Versuch, sich unangreifbar zu machen (rot). Die Intention so mancher Ideologie war vielleicht in ihren Anfängen mal edel und gut, oft genug ist daraus dann eine brutale Diktatur geworden (rot(gelb)."
;klausmick: Quatsch.;;"-> Frank M.: @Veit G. 
Das ist richtig.
Die erwähnten Argumente der Befürworter habe ich mehrfach gelesen und gehört.
In dem Buch ""Richtig Gendern für Dummies"" kommt z.B. der Begriff ""drittes Geschlecht"" in diesem Zusammenhang vor.";Kommentar wurde vom Nutzer gelöscht;
;-> More84: Setzen sich doch mal mit unseren geltenden Rechtschreib- und Grammatikregeln (rot) auseinander. 'https://d.docs.live.net/0cd4392566bcd063/[Mappe 'https://d.docs.live.net/0cd4392566bcd063/[Mappe 2.xlsx]Tabelle1'!$A$16;"einliberaler : Ich finde es sehr interessant wieviele Worte es braucht, um über den Umweg des Englischen letztlich bei der Erkenntnis zu landen, dass die ganze Gederei nicht zielführend sei und dass z.B. mit dem generischen Maskulinum ""Bäcker"" doch tatsächlich auch schwule, schwarze, jüdische, ja sogar weibliche und von mir aus auch diverse diesen Beruf ausübende Menschen gemeint sein könnten (und es ja auch tatsächlich sind). 

Und noch interessanter finde ich, dass man offenbar mit gaaaanz viel Nachdenken, Sprechen und Schreiben über das Thema Gendern zu (pseudo-)wissenschaftlichem Ruhm und manchmal sogar zu Geld kommen kann.

Liegt bestimmt daran, dass ich (52, weiß, männlich) quasi das perfekte Feindbild bin bei dem Thema. ";"-> Jörg H.: Ja, auch mir geht schwer auf den Sack (rot), dass eine absolute Minderheit hier meint den öffentlichen Diskurs bestimmen zu müssen (gelb/rot)! 

Und, dass unsere inkompetenten Politiker sich hier auch noch vor den Karren spannen lassen (rot)! 

Früher hätte man solche Leute wahrscheinlich als Klassenclown bezeichnet und damit wäre es erledigt gewesen (rot)…";-> -> Elias-ZZKPaGU7R : Genau... Männer die Angst vor Machtverlust haben... Das ist wie so n Totschlagargument (rot). Die Gendernden sind diejenigen, die jeden Bezug zur Realität verloren haben und ein derart angeschlagenes Selbstvertrauen haben, dass sie alles anstößig finden, was ihrem Eho schadet (rot).;"Intellektueller Zugang : 

Ich möchte Befürworter wie Gegner der Gendersprache einladen, die Dinge einmal von meiner Warte aus zu sehen. Als schwuler Mann (42) gehöre ich zu jenen Gruppen, die durch den Genderstern sichtbar gemacht werden sollen. Das Problem ist nur: Ich möchte in dieser Form nicht sichtbar gemacht werden. Durch den Genderstern und seine Abwandlungen, fühle ich mich sexualisiert und markiert. Als würde mit dem Finger auf mich gezeigt. Meine Identität wird missbraucht, um sich auf der Seite der vermeintlich Guten zu platzieren. Das ist anmaßend und selbstsüchtig. Die Treiber der Sprachumwandlung erzeugen Unfrieden und beschwören Sprachprobleme herauf, die es in dem oft dargestellten Umfang nie gegeben hat.

Aufgrund meines vermeintlichen Andersseins habe ich Ausgrenzung, Schikane und Gewalt erlebt. Heute lebe ich gemeinsam mit meinem Mann ein zufriedenes und, wenn man so will, weitgehend „normales“ Leben. Folgende Generationen sollen es einmal einfacher haben. Der Kampf für Gleichheit ist und bleibt wichtig. Doch bitte nicht auf dem Rücken unserer Sprache! Sie ist auch mein persönlich wertvollstes Ausdrucksmittel. Durch Eingriffe wie das Gendern (und selbstverständlich auch den exzessiven Gebrauch englischer Vokabeln), verliert sie ihre Genauigkeit und poetische Kraft. Gendersprache wird dazu führen, dass viele Menschen gegenderte Inhalte und die Probleme der LGBT-Community nicht mehr ernst nehmen werden!
"
;;;bis hierhin 14;"-> 100tausend: Die Regel gibt es: alles Negative wird nicht gegendert (rot). Es gibt nur Täter, Kapitalisten, Vermieter etc. (gelb)
Ansonsten wird alles gegendert, z. B. Pferd:in und Bär:in.";
;fernblick : Schnee von gestern! In den Redaktionen hat man/frau längst ein neues Ziel aufs Panier geschrieben: die Grammatik-Reform ist längst im Gange.;"brezelberger : Zuerst Einmal vielen Dank für diesen ausführlichen Artikel, es freute mich sehr, einen guten Artikel zu diesem Thema zu lesen.

Vorab: Ich spare mir die Genderformen in meinem Kommentar, ich bitte darum, sich diese einfach dazu zu denken. Warum? später mehr!

Ich finde es gut, wenn auf die Diskriminierung gegenüber anderen Geschlechtern, insbesondere wenn es um Einschätzungen der Leistungen und Vergütungen geht. Meiner Meinung nach kann man nur aus dem Geschlecht, als welches jemand geboren wurde oder sich als dieses Identifiziert, nicht auf dessen Leistungen rückschließen - Es mag auch zB schwache Männer geben oder starke Frauen. 

Dem Ansatz des Gendern stehe ich dennoch seit es Stück für Stück vor einigen Jahren begann mit einigem Argwohn gegenüber. Es klingt im ersten Moment nach einer guten Idee, aber es zieht viele Probleme nach sich.

Eines dieser Probleme ist, wie sicher auch andere Leser und Kommentatoren angemerkt haben, sind viele Worte trotz der angehängten Femininen Endung ohne diese noch in der Maskulinen Form. Ein Beispiel: Der Verkäufer - Die Verkäuferin. Das IN wurde nur angehangen. Wird die maskuline Form entfernt, hätten wir Verkäufin. Das habe ich aber noch nirgends gesehen oder gehört.

Ein weiteres Problem, was mich persönlich auch betrifft, ist eine gewisse Unsicherheit beim Verfassen von Texten, insbesondere wenn man in einer Position ist, bei der nicht nur eine kleine Personengruppe den Text liest. Ich bin in einer Hochschule als Student organisiert, wir veranstalten oft Partys (immerhin bis Anfang diesen Jahres…) und abgesehen davon, dass viele unserer Einladungen mittlerweile zur Hälfte aus Genderformen bestehen, geht der Text oft durch mehrere Hände um wirklich jeden Fehler auszuschließen - ist was falsch (irgendwie ist das aber immer so) rennen ein paar Leute bei uns Sturm. Kann man machen, finde ich aber gerade bei einer Einladung vollkommen überzogen. Meine Meinung!";M.O: Besonders abturnend bei dem Versuch, künstlich eine diskriminierungsfreie Sprache anzuordnen, empfinde ich, dass genau diejenigen, die dafür plädieren, andererseits keinerlei Probleme mit Kopftuch, Burka, Kinderehe, Zwangsheirat haben. Da können Feministinnen aus und in arabischen und afrikanischen etc. Ländern noch so flehen. Hier wird dann von dieser gender-beflissenen Gruppe das patriarchal-hierarchische Menschenbild etlicher Zugewanderter als schützenswerte kulturelle Angelegenheit deklariert. Es geht den dahinterstehenden Parteien um kein respektvolles Miteinander, sondern gerade um Spaltung - das ist bequem und rechnet sich für sie.;bis hierhin 20 Kommis;"Petersbacher : 

Eigentlich ist das mit den Geschlechtern nur EIN Thema: Gerechtigkeit.

Das mit irgendwelchen Sprachregelungen hinzukriegen, ist m.Es der völlig falsche Weg.

Dass im Deutschen der männliche Begriff bei Unbestimmtheit gleichzeitig der sächliche ist (gibt sicher einen grammatikalischen Begriff dafür) ist eine Eigenheit - aber das sollte man mit einem kleiner Denkanstrengung doch wirklich zu bewältigen sein.

Natürlich meint ""der Pilot"" gleichzeitig ""die Pilotin"" und ""den Piloten"" - solange es allgemein den Menschen mit der Berufsbezeichnung betrifft.

Wer darin eine Benachteiligung oder eine Wertung sieht, ist m.Mn. nach wirklich auf dem Holzweg. Das ist kompletter Unsinn.

Und immer noch ist das - weitaus grössere- Problem, dass z.B. ein/e Intendant*In das zigfache verdient wie eine Kassenkraft. Die ""gender-pay-Lücke "" hat nix mit Gender zu tun, sondern mit den Klassenzugehörigkeiten und ausgeübtem Beruf. Weil wir Leistung nicht wirklich adäquat entlohnen, sondern nach Marktwert und Kaste.

Dass das die überbezahlte Intetendantin oder die Managerin oder Rechtsanwältibn oder oder oder nicht hören will, machts nicht weniger wahr - und auch nicht besser.
"
;;"-> brezelberger: Fortsetzung, aufgrund der Zeichenbeschränkung:

Letzter Punkt, eher als Konsument von Artikeln und Texten; die Gendersprache ist oft holprig und macht Texte künstlich länger aber oft auch schlechter lesbar (rot). Wie oben geschrieben, oft verzichte ich absichtlich auf das “Durchgendern” meiner Texte (grün/rot), ich möchte meinem Kommentar einen guten Redefluss geben und gehe davon aus, dass der geneigte Leser/die geneigte Leserin sich automatisch die für sich passende Form bilden kann (gelb). 

In anderen Ländern, wie im Artikel zB mit Großbritannien benannt, gibt es ein System was sofern ich es aus diesem Artikel verstanden habe, gut mit den maskulinen Formen funktioniert (gelb); warum halten wir uns also damit auf, unsere Sprache künstlich zu verkomplizieren und damit indirekt sogar sexistisch und diskriminierend zu machen anstatt eine einheitliche Form zu finden und wirklich an den Problemen wie Pay Gap zu arbeiten (rot)? ";-> Alois Hingerl: Ideologie kennt halt keine äußere Logik, nur eine innere (rot).;MomiMati: Die Feministinnen wollen heterosexuelle Männer sprachlich ausgrenzen. Laut Duden ist das falsch und muss im Diktat als Fehler angestrichen werden.;
;Hardy11 : Mit sowas befasst sich die Sprachwissenschaft und das völlig zu Recht. Gendern. Der Begriff, der mich sprachlos zurücklässt mit Feststellung das dieses Land krank ist und jeden Mist aus dem Boden haut.;"-> pinke: Und

    ﻿ich möchte meinem Kommentar einen guten Redefluss geben und gehe davon aus, dass der geneigte Leser/die geneigte Leserin sich automatisch die
    für sich passende Form bilden kann. 

fordere das praktisch einfach ein, passt schon. Ist aber nicht das Thema!";"Claus-Berndt S.: Die Welt steht aktuell vor dermaßen vielen fast unüberschaubaren immensen Problemen und Aufgaben, dass man sich eigentlich primär und mit vollem Einsatz um deren (vor allen Dingen komplett zu Ende gedachte, realisierbare und einwandfrei durchorganisierte!!) Lösungen für zumindest die allergrößten/drängendsten kümmern sollte.
Insofern kann ich -zumindest nicht zum aktuellen Zeitpunkt- diese m.E. völlig sinnfreie Genderei, welche zudem letztendlich die Gesellschaft/die Gesellschaftsgruppen zunehmend spalten statt einen wird, nicht im Geringsten nachvollziehen.
Es würde mich einmal interessieren, ob eigentlich ein einziges anderes Land auf dem Globus existiert, welches die bewusste sprachliche Unterscheidung nach den Damen und Herren der Schöpfung (wo bleibt Divers??) bereits in jeder Hinsicht vornimmt oder dermaßen vehement auf eine Differenzierung hinarbeitet?
Armes Deutschland!";MaXLmustermann: Wie sehen Sie Männer sprachlich ausgegrenzt?;"MenschMitMeinung : Denkt dabei eigentlich jemand an die Personen, die nach Deutschland kommen und sich mit hohen Anstrengungen integrieren müssen? Abgesehen davon, das viele ein komplett neues Alphabet lernen müssen, neue Schriftzeichen, gilt die deutsche Sprache auch schon so als eine sehr schwer zu lernende.
Mal weiter gedacht: Diese Leute kommen z.T. aus Kulturen, in denen Gleichberechtigung eher zu den frommen Wünschen von Aussenstehenden gehört. Wie soll hier dann Aufklärung stattfinden, wenn die Texte noch schwerer lesbar werden, weil jedes Wort jetzt nicht nur wie im Wörterbuch beschrieben sondern auch in zig anderen Varianten vorkommt? Muss man diesen gestressten, oft durch Krieg und Flucht psychisch belasteten Menschen dann auch noch eine solche Transferleistung zumuten?
Soll dann alles in die entsprechende Muttersprache übersetzt werden? Wenn ja, ist das Integration, wenn dann doch alle Informationen in Muttersprache vorliegen und der Anreiz, die Landessprache zu lernen, damit nicht mehr besteht?
Meiner Meinung nach sind die z.T. bereits umgesetzten Forderungen nicht zu Ende gedacht."
;-> Winterwind: Der Begriff, der mich sprachlos zurücklässt mit Feststellung das dieses Land krank ist und jeden Mist aus dem Boden haut.;"-> samtripp:     ﻿Der Verkäufer - Die Verkäuferin. Das IN wurde nur angehangen. Wird die maskuline Form entfernt, hätten wir Verkäufin. Das habe ich aber noch nirgends gesehen oder gehört.

Das ist ja der Witz an der Geschichte. Das Suffix -er verweist eben nicht auf einen Mann. Es ist keine Endung, die das maskuline Geschlecht der Person anzeigt (rot). -er ist ein Suffix, das sowohl zur Derivation von Personenbezeichnungen von Tätigkeiten (backen > Bäcker) als auch von Geräten (fliegen > Flieger) genutzt wird (gelb). Es gibt nur sehr wenige Ausnahmen, wo aus einem ursprünglich femininen Wort ""die Witwe"" ein männliches Pendant abgeleitet wurde ""der Witwer""(gelb/grün).

Wenn -er wirklich ein maskulines Suffix wäre, dann könnte man es ja weglassen und damit das Wort geschlechtsneutral machen. Dann hätten wir ""Bäck"". Genau das geht nicht. Deshalb ist diese gesamte Diskussion auch so hirnrissig (grün).

Es gibt keine explizit männliche Form (rot). Der Mann muss sich im Wort ""Bäcker"" angesprochen fühlen. Die Endung -in wird an das Wort ""Bäcker"" drangehängt und hebt das Geschlecht der Person hervor (gelb). Das ist der irrwitzige Sexismus, der Sexismus bekämpfen soll (rot).";"-> Nico D.: ""Die Welt steht aktuell vor dermaßen vielen fast unüberschaubaren immensen Problemen und Aufgaben, dass man sich eigentlich primär und mit vollem Einsatz um deren (vor allen Dingen komplett zu Ende gedachte, realisierbare und einwandfrei durchorganisierte!!) Lösungen für zumindest die allergrößten/drängendsten kümmern sollte.""
Darum können die, die einen vernünftigen Beruf erlernt und ihrem Leben einen Sinn gegeben haben, sich doch kümmern (rot). Die Anderen müssen aber auch irgendwie die Zeit rumkriegen (gelb).";"KeyserSoze: Es gibt auch Männer, die den Beruf der Hebamme ergriffen haben. Bis 2020 als ""Entbindungspfleger"" bezeichnet.
Aber, Zitat:
""Mit der Reform der Hebammenausbildung ab 2020 soll die Berufsbezeichnung „Hebamme“ einheitlich für alle Geschlechter gelten. Die männliche Sonderbezeichnung „Entbindungspfleger“ entfällt.""

Wie nennt man jetzt den ehemaligen Entbindungspfleger? Immer noch die Hebamme, oder der Hebammer oder, um alle einzuschließen, die Hebammer:Innen?";
;;"Interessanter Artikel! Als Ergänzung empfehle ich einen Text von Daniel Scholten: Deutsch für Dichter und Denker, https://www.belleslettres.eu/buch/index.php Literat: Der Text geht auf die historischen Wurzeln des völlig unsystematischen Genus-Systems im Deutschen ein. Zentrale Erkenntnis: aus dem grammatischen Geschlecht im Deutschen kann man praktisch nie ableiten, ob das Bezeichnete männlich oder weiblich ist. Insofern ist ""generisches Maskulinum"" genauso ein Pleonasmus wie ""kaltes Eis"": Männer sind nur mitgemeint, das ""Maskulinum"" ist gar nicht männlich, sondern immer generisch.";"Fabian P.: Vielen Dank an die ""Welt""-Redaktion, dass unter dem Artikel eine Voting-Option ergänzt wurde. Ich zähle derzeit lediglich 2 % Contra-Stimmen. 98 % hingegen schließen sich der Meinung der Autorin an. Es würde mich sehr interessieren, wie ein entsprechendes Voting bei der taz ausfallen würde... Ich vermute jedoch, dass sich auch unter den taz-Lesern etliche befinden, die der Gendersprache wenig abgewinnen können.";Geburtshelfer / Hebamme.;simplemindedfool : Mir wäre es am liebsten wenn für die nächsten 2000 Jahre das generische Femininum eingeführt würde. Keine Ironie, keine Provokation ,mein Ernst.
;Rolf-christian62 : Na endlich!;;Rudi W.: Man kann es eigentlich nicht oft genug wiederholen: In den Sprachgruppen, bei denen es kein Genus gibt - z.B. Ungarisch, Finnisch, Türkisch, weitgehend auch Englisch - müsste es eigentlich den Frauen deutlich besser gehen als bei uns oder in Frankreich oder Island, wenn das Gendern irgendeine Bedeutung hätte. Aber diesen Zusammenhang gibt es nicht. Das Gendern als Antidiskriminierungsmaßnahme ist der größte Fake überhaupt.;;"-> MarkusMueller75: ""Generisches Femininum""?
Schön ausgedacht von Ihnen.
Prognose: Wird nicht kommen. (rot)"
;;;;100tausend: Und wie heißt dann ein Diverser mit dem Beruf?;
;"Winterwind : Besonders kompetent können diese Sprachwissenschaftler nicht sein. Sprachwissenschaftler sollten wissen, dass es ihre Aufgabe ist, den Sprachgebrauch zu beobachten. Es gibt nämlich keine in Stein gemeißelten sprachliche Regeln. Es fehlt den angeblichen Sprachwissenschaftlern nämlich völlig am historischen Bewusstsein für Sprache. ( Leider werden im Artikel keine Namen genannt.) Die deutsche Sprache, wie wir sie heute kennen, hat sich historisch entwickelt. Dabei haben immer bewusste Eingriffe als Neuerungen der bestehenden Sprache eine Rolle gespielt. Begriffe wie ""Lehrgang"", ""Stelldichein"" oder ""Flugzeug"" waren als Wortneuschöpfungen durch Sprachgesellschaften bewusste Eingriffe in die Sprache. Jetzt wird von vielen Menschen wieder das Bedürfnis für die Einführung neuer Ausdrucksmöglichkeiten gesehen. Die neuen Ausdrücke haben sich mittlerweile schon recht weit durchgesetzt. Eigentlich müsste man als Sprachwissenschaftler das Gendern in seinen verschiedenen Formen schlicht und einfach als Sprachvariation feststellen. Welche Form des Genderns sich am Ende durchsetzen wird, wird die Zeit zeigen. Aber schlicht zu sagen, Gendern verstoße gegen die Regeln der Sprache ist unwissenschaftlich. Aber ganz offensichtlich ist der Aufruf kein wissenschaftliches, sondern ein politisches Papier.";"pinke: Ich befürchte,
﻿Männer sind nur mitgemeint, das ""Maskulinum"" ist gar nicht männlich, sondern immer generisch.
diese Argumentation kommt gelegen, greift aber viel zu kurz.";"Frank M.: Frau Hümpel, vielen vielen Dank, Sie sprechen uns (meiner Frau und mir und vielen unserer Bekannten) aus der Seele.
Vieles ist in den Kommentaren schon gesagt. Es macht uns betroffen, wie wenig vernünftige Leute in öffentlichen bzw. höheren Stellungen sich dagegen wehren. An den Unis wird z. B. kritiklos mitgemacht, da sonst Fördergelder nicht mehr fließen würden; nur ein Beispiel.
Viele gedankenlose Menschen reihen sich in das Heer der naiven Gutmenschen ein, die aus ihrer Sicht auf der richtigen Seite der Macht stehen, demütig die Gender-Ideologie vertreten und dabei eine Sprachlosigkeit in Form einer ruinierten und vergewaltigten Sprache offenbaren.
Es sollten sich immer mehr wehren; wir tun dies mit E-Mails an Duden und ARD/ZDF u.a. und entsprechenden Kommentaren und Kritiken.
Man schaue sich doch nur mal obiges Verhältnis bei ""Daumen hoch oder runter"" an - nur ca. 2% halten den Beitrag für unangemessen. Das schreit eigentlich buchstäblich nach einer Volksbefragung.
Aber bei Ideologien der Herrschenden ist sowas tabu. Wir sind wieder in einer Diktatur.
";MaXLmustermann: Das ist gar nicht die ganz große Frage beim Gendern. Da Menschen die Möglichkeit haben zu kommunizieren, kann man das Individuum dann fragen, wie es sich selbst bezeichnet wissen möchte.;
;"Traumdeuter: Winterwind lesen Sie all diese Informationen aus diesem Artikel? Kennen Sie diesen Aufruf ? Sind Ihnen diese 70 Linguisten namentlich bekannt ? Das muss so sein, woher wissen Sie , dass diesen Herren das historische Bewusstsein ""völlig"" fehlt . Zumindest müssen Sie wissen, dass es Herren sind sonst hätten Sie Wissenschaftlerinnen geschrieben. Wo finde ich den Aufruf , an wen haben die Wissenschaftler den Aufruf gerichtet ? Vielleicht können Sie einen Hinweis geben, Sie haben soviel aus dem Artikel herauslesen können.";"stunner: Die Leseprobe hat viel Spaß gemacht.
Und nun? Was machen wir mit dem menschlichen Verstand?";"peter d.: Noch sind wir im neunten Kreise der nächsten Links-Diktatur.
Doch nachdem sie sich nach 89 getrennt marschierend wieder sammeln konnte - so zumindest die Wahlbarmeter und das keke Vorgehen in den ÖR - wird sie mit an Sicherheit grenzender Wahrscheinlichkeit als Troika im Oktober 21 gemeinsam zuschlagen.
Alle Zeichen der Zeit zeigen den kommenden Sturm an.
Aber - keinen interessiert es.
Die ÖR haben bereits ihren Deal gemacht.

Uns, die wir angeblich das Volk, ja sogar der Souerän sind, gibt man jetzt noch die Möglichkeit das Wegducken zu üben. Die neue Sprache soll uns dabei helfen!
Vielleicht können uns auch ein alte DDR-Vertranen ein paar Tipps geben, wie man den Häschern der Sprach- und Gedankenpolizei entgeht, denn auch nichts mehr sagen macht verdächtig.

Ab Herbst 2021 wird es ernst, wenn die R2G-Koaltion auch die CDU wieder zu dem macht, was sie in der DDR war - ein Blockpartei.";"KeyserSoze: @MaxXLmustermann
Richtig, kein Problem in der direkten Kommunikation. Es geht aber um das Geschriebene.";"Paxvo: Zu meinem vorigen Kommentar:
Vielleicht hat man sich in der Redaktion an dem Wort ""grunzen"" gestört, aber ob dieses Geräusch, das man da hinten im Rachen erzeugen muss, nun ""vorschriftsmäßig"" als Knacken oder eigenbestimmt als kurzes Grunzen bezeichnet wird, hilft doch auch niemandem.

Beide Worte zeigen so oder so, dass man mit der gemeinten Personengruppe respektlos umgeht. Das macht aber, objektiv gesehen, nicht mein Kommentar, denn ich will ja nicht ""knacken"" oder sonstwas, sondern das machen die ""Genderer""."
;offroader: Jetzt wird von vielen Menschen wieder das Bedürfnis für die Einführung neuer Ausdrucksmöglichkeiten gesehen. Aha, sehr vermessen, bei einer Ablehnung von 75-80% von vielen Menschen zu sprechen. Es handelt sich wohl eher um eine lärmende Minderheit, die mit allen Mitteln ihre Ideologie durchsetzen will.;"notorischernoergler: Schön, dass es so viele Leute gibt, die sich mit *innen beschäftigen: Das sind die Auswüchse dieser heutigen ideenlosen Verschwender-Gesellschaft, die für die Probleme von heute (Dreck, CO-zwei, Klimakatastrophe, Flüchtlingswellen, Wassermangel, usf.) verantwortlich ist. Ich gönne all diesen ""Besorgten"" existenzielle Nöte wie z. B. das Anstehen um das tägliche viel zu wenige Brot etc. (in der 3. Welt keine Seltenheit!). Vielleicht lernen diese Leute dann – sollten sie überhaupt lernfähig sein –, zwischen Bedürfnissen und Pseudobedürfnissen zu unterscheiden!";Jens D.: Hab mich mal schlau gemacht, und seitdem komme ich aus dem lachen nicht mehr raus. Die weibliche Form des Berufes Zimmermann heißt Zimmermännin 🤣😂🤣😂🤣😂. Bei mir sind jetzt alle Frauen nur noch Männinen. Wie bekloppt können diese Sprachvergewaltiger nur sein.;8g32NBdKjZwrZMKXmMtoe6: einfach -eer oder -eeral dranhängen.;"limübe: Es ist ziemlich egal, ob mein Nachbar oder die Freundin meiner Tochter ""gendert"", ob sich meine Enkeltochter mit ihren Freunden im aktuellen, mir völlig unverständlichem ""Jugendsprech"" unterhält, ob sich jemand nur noch in ""Anglizismen"" ausdrücken kann oder ob jemand den Genitiv durch den Dativ austauscht, jeder ist seiner eigenen Ausdrucksweise Schmied.
Im öffentlichen Raum hingegen, in den Verwaltungen, in den Gesetzestexten, den Medien, den Schulen und Universitäten, sollte nach wie vor eine fehlerfreie Sprache benutzt werden.
Wenn die öffentlichen Institutionen jedoch allen Menschen sprachlich eine moralische, politische Haltung aufzwingen, dann wird es gefährlich! Und auch dann, wenn der Autor die ""Genderkritiker"" in die rechte Ecke rücken will.
Und wie ist es in den Ländern, die schon immer keine bestimmten Artikel haben, deren Sprache sozusagen genderneutral ist, gibt es dort keine Schwierigkeiten oder Ungerechtigkeiten für Frauen, Homosexuelle, Transgender, und viele andere Gruppen?
Die Antwort kennen wir alle.
Eine Sprache entwickelt sich, wie wahr, aber nicht durch den politisch motivierten moralischen Zeigefinger."
;"More84: ""Jetzt wird von vielen Menschen wieder das Bedürfnis für die Einführung neuer Ausdrucksmöglichkeiten gesehen. Die neuen Ausdrücke haben sich mittlerweile schon recht weit durchgesetzt."" Eben nicht. Laut Umfragen lehnt die große Mehrheit der Deutschen die Gendersprache ab. Nur ein kleine Minderheit aus dem akademischen links-grünen Milieu wittert Diskriminierung und meint der Mehrheit eine andere Sprache aufoktroyieren zu müssen";"ekki: Vielleicht lernen diese Leute dann – sollten sie überhaupt lernfähig sein –, zwischen Bedürfnissen und Pseudobedürfnissen zu unterscheiden!
Das scheint mir das Hauptproblem bei dieser Diskussion zu sein.";;Elias-ZZKPaGU73: Genau. Und dann 1000 verschiedene Anreden konstruieren, damit sich auch ja niemand ausgegrenzt fühlt;"Paxvo: Ich bitte um freundliche Erklärung, wie einem dritten und vierten Geschlecht dadurch Reverenz erweisen werden will, wenn man es schriftlich nicht mit Worten und Buchstaben beschreibt, sondern nur markiert (*!), und mündlich einen kurzen Knacklaut ""grunzt"".

So etwa habe ich gestern Zeit zu diesem Artikel geschrieben, und gehe wegen des überlangen Zeitablaufs nun davon aus, dass der Kommentar herausgesiebt wurde.

Offenbar hat in der Redaktion bisher nicht verstanden, dass ich damit keine Personengruppe angegriffen habe, sondern ein fragwürdiges STILMITTEL, das
doch in der Absicht eigentlich Wertschätzung bringen soll, zur Diskussion stellen möchte - und dabei allerdings (selbstverständlich) auch eine eigene Stellungnahme abgebe. Also: Ich würde mit mit einem Knacklaut nicht wertgeschätzt fühlen, im Gegenteil."
;panache79: Neues aus dem links grünen Kulturkreis von Winterwind!!!;"gsbln: Es ist für mich erfrischend, mal einen humorvollen anderen Blick, auch Blick über den Tellerrand Deutschland zu bekommen.
Je mehr gegendert wird, um so mehr stört es mich. Für mich ist dieses ""sexen"" tatsächlich belästigend. Was geht mein Gegenüber an, ob ich f/m/d/n bin? Es sei denn, es geht um Flirterie, und selbst da sind ja die Grenzen inzwischen vielfach fließend zwischen den Geschlechtern.
Verschiedene Begriffe zu benutzen, ermöglicht auch eine Ungleichbehandlung und schafft mitnichten Akzeptanz.
Feministinnen beklagen, dass sie mit dem generischen Maskulinum mitgemeint seien, weil es halt jede Person unabhängig vom Geschlecht meint. Die im Deutschen gefundenen Lösungen, Tendenz Genersternchen machen aber das Gleiche mit Personen, die sich nicht binär zuordnen können oder wollen. Für die gibt es die Sprechpause und das *. Nicht gerade respektvoll, finde ich.
Und neben Frauen werden auch andere Gruppen benachteiligt im Alltag (mindestens gefühlt) wie Personen mit schwer auszusprechendem Namen, vermutetem Migrationshintergrund etc. Daher wäre eine eigene Bezeichnung für ""Schwarze"" doch auch angebracht, um sie sichtbar zu machen, oder?

Wenn Frauen selbstverständlich ""Männerberufe"" ergreifen, und ehrgeizig genug sind, sich nicht beim ersten Kind in Teilzeit zurückzuziehen und die Karriere schleifen zu lassen, dann wären viele Frauen auch sichtbarer. Klar, ist es schön, Mutter zu sein. Vater zu sein aber auch. Und auch in Teilzeit kann man oft Führungsarbeit leisten, gerade ohne Anwesenheitspflicht im Betrieb.
Wer ins amerikanische Fernsehen schaut, findet selbstverständlich die Börsenmeldungen von Frauen vorgetragen, findet auf gefühlt jeder Demo oder Pressekonferenz einen Gebärdendolmetscher usw.
Frauen als Fußballkommentatoren, Lokführer, Bus- oder Taxifahrer, Kranführer, Architekten, Bauleiter usw. halte ich für selbstverständlich.";;"KeyserSoze: Geburtshelfer steht nicht zur Diskussion, da die offizielle Berufsbezeichnung ja ""Hebamme"" lauten soll.
Die Frage ist, ob der, die oder das., oder was auch immer. Sehen Sie nicht die Inkonsistenzen, in die man zwangsläufig gerät, wenn man versucht eine Sprache destruktiv zu verändern?";
;"rp-oskar: ""Jetzt wird von vielen Menschen wieder das Bedürfnis für die Einführung neuer Ausdrucksmöglichkeiten gesehen."" Wieviele?";;;;
;;;;;
;;;;;
;;;;;
;;;;;
;;;;;
;;;;;
;;;;;
;;;;;
;;;;;
;;;;;
;;;;;
;;;;;
;;;;;
;;;;;
;;;;;
;;;;;
;;;;;
;;;;;
;;;;;
